what,kind,bundleId,bundleVersion,description,time
stopped,bundle,org.eclipse.ui.cheatsheets,3.4.100.v20110425,"org.eclipse.ui.cheatsheets",1330352959185
stopped,bundle,org.eclipse.linuxtools.systemtap.ui.dashboardextension,0.3.0.201106060936,"org.eclipse.linuxtools.systemtap.ui.dashboardextension",1330352959185
stopped,bundle,org.eclipse.linuxtools.systemtap.ui.dashboard,0.3.0.201106060936,"org.eclipse.linuxtools.systemtap.ui.dashboard",1330352959185
stopped,bundle,org.eclipse.linuxtools.systemtap.ui.graphicalrun,0.3.0.201106060936,"org.eclipse.linuxtools.systemtap.ui.graphicalrun",1330352959185
stopped,bundle,org.eclipse.linuxtools.systemtap.ui.ide,0.3.0.201106060936,"org.eclipse.linuxtools.systemtap.ui.ide",1330352959185
stopped,bundle,org.eclipse.linuxtools.systemtap.ui.graphing,0.3.0.201106060936,"org.eclipse.linuxtools.systemtap.ui.graphing",1330352959186
stopped,bundle,org.eclipse.linuxtools.systemtap.ui.systemtapgui,0.3.0.201106060936,"org.eclipse.linuxtools.systemtap.ui.systemtapgui",1330352959186
stopped,bundle,org.eclipse.help.ui,3.5.100.v20110425,"org.eclipse.help.ui",1330352959187
stopped,bundle,org.eclipse.help.webapp,3.6.0.v20110518,"org.eclipse.help.webapp",1330352959187
stopped,bundle,org.eclipse.epp.mpc.ui,1.1.0.I20110525-0742,"org.eclipse.epp.mpc.ui",1330352959187
stopped,bundle,org.eclipse.epp.usagedata.ui,1.3.1.R201106061540,"org.eclipse.epp.usagedata.ui",1330352959187
stopped,bundle,org.eclipse.ui.intro.universal,3.2.500.v20110510,"org.eclipse.ui.intro.universal",1330352959187
stopped,bundle,org.eclipse.wtp.epp.package.jee.intro,1.3.0.v201006142040,"org.eclipse.wtp.epp.package.jee.intro",1330352959188
stopped,bundle,org.eclipse.ui.intro,3.4.100.v20110425,"org.eclipse.ui.intro",1330352959188
stopped,bundle,org.eclipse.help.base,3.6.0.v201106131736,"org.eclipse.help.base",1330352959188
stopped,bundle,org.eclipse.equinox.http.jetty,2.0.100.v20110502,"org.eclipse.equinox.http.jetty",1330352959188
stopped,bundle,org.eclipse.wst.server.preview,1.1.100.v20091208,"org.eclipse.wst.server.preview",1330352959188
stopped,bundle,com.google.appengine.eclipse.sdkbundle,1.5.2.r37v201107211953,"com.google.appengine.eclipse.sdkbundle",1330352959188
stopped,bundle,com.google.gdt.eclipse.gph.e36,2.3.3.r37v201107211953,"com.google.gdt.eclipse.gph.e36",1330352959189
stopped,bundle,com.google.gdt.eclipse.gph.hge,2.3.3.r37v201107211953,"com.google.gdt.eclipse.gph.hge",1330352959189
stopped,bundle,com.google.gdt.eclipse.gph.subclipse,2.3.3.r37v201107211953,"com.google.gdt.eclipse.gph.subclipse",1330352959189
stopped,bundle,com.google.gdt.eclipse.gph.subversive,2.3.3.r37v201107211953,"com.google.gdt.eclipse.gph.subversive",1330352959189
stopped,bundle,com.google.gdt.eclipse.gph,2.3.3.r37v201107211953,"com.google.gdt.eclipse.gph",1330352959190
stopped,bundle,com.google.gdt.eclipse.managedapis,2.3.3.r37v201107211953,"com.google.gdt.eclipse.managedapis",1330352959190
stopped,bundle,com.google.gdt.eclipse.maven,2.3.3.r37v201107211953,"com.google.gdt.eclipse.maven",1330352959190
stopped,bundle,com.google.gdt.eclipse.suite,2.3.3.r37v201107211953,"com.google.gdt.eclipse.suite",1330352959190
stopped,bundle,com.google.appengine.eclipse.core,2.3.3.r37v201107211953,"com.google.appengine.eclipse.core",1330352959190
stopped,bundle,com.google.gdt.eclipse.login,2.3.3.r37v201107211953,"com.google.gdt.eclipse.login",1330352959190
stopped,bundle,com.google.gwt.eclipse.oophm,2.3.3.r37v201107211953,"com.google.gwt.eclipse.oophm",1330352959190
stopped,bundle,com.google.gwt.eclipse.sdkbundle,2.3.0.r37v201106211634,"com.google.gwt.eclipse.sdkbundle",1330352959190
stopped,bundle,com.google.gwt.eclipse.core,2.3.3.r37v201107211953,"com.google.gwt.eclipse.core",1330352959191
stopped,bundle,com.google.gdt.eclipse.core,2.3.3.r37v201107211953,"com.google.gdt.eclipse.core",1330352959191
stopped,bundle,com.google.gdt.eclipse.platform,2.3.3.r37v201107211953,"com.google.gdt.eclipse.platform",1330352959191
stopped,bundle,com.google.gdt.eclipse.platform.e37,2.3.3.r37v201107211953,"com.google.gdt.eclipse.platform.e37",1330352959191
stopped,bundle,org.eclipse.m2e.discovery,1.0.0.20110607-2117,"org.eclipse.m2e.discovery",1330352959191
stopped,bundle,org.eclipse.m2e.refactoring,1.0.0.20110607-2117,"org.eclipse.m2e.refactoring",1330352959192
stopped,bundle,org.eclipse.m2e.editor,1.0.0.20110607-2117,"org.eclipse.m2e.editor",1330352959193
stopped,bundle,org.eclipse.m2e.editor.xml,1.0.0.20110607-2117,"org.eclipse.m2e.editor.xml",1330352959193
stopped,bundle,org.eclipse.m2e.jdt,1.0.0.20110607-2117,"org.eclipse.m2e.jdt",1330352959194
stopped,bundle,org.eclipse.m2e.launching,1.0.0.20110607-2117,"org.eclipse.m2e.launching",1330352959194
stopped,bundle,org.eclipse.m2e.core.ui,1.0.0.20110607-2117,"org.eclipse.m2e.core.ui",1330352959195
stopped,bundle,org.eclipse.m2e.usagedata,1.0.0.20110607-2117,"org.eclipse.m2e.usagedata",1330352959195
stopped,bundle,org.eclipse.m2e.core,1.0.0.20110607-2117,"org.eclipse.m2e.core",1330352959195
stopped,bundle,org.eclipse.jst.ws.jaxws.ui,1.0.100.v201104032053,"org.eclipse.jst.ws.jaxws.ui",1330352959195
stopped,bundle,org.eclipse.jst.ws.jaxws.core,1.0.100.v201104031139,"org.eclipse.jst.ws.jaxws.core",1330352959195
stopped,bundle,org.eclipse.mylyn.bugzilla.ui,3.6.0.v20110608-1400,"org.eclipse.mylyn.bugzilla.ui",1330352959195
stopped,bundle,org.eclipse.mylyn.bugzilla.core,3.6.0.v20110608-1400,"org.eclipse.mylyn.bugzilla.core",1330352959195
stopped,bundle,org.eclipse.mylyn.commons.xmlrpc,3.6.0.v20110608-1400,"org.eclipse.mylyn.commons.xmlrpc",1330352959195
stopped,bundle,org.eclipse.datatools.enablement.oda.ws.ui,1.2.2.v201105111200,"org.eclipse.datatools.enablement.oda.ws.ui",1330352959196
stopped,bundle,org.eclipse.datatools.enablement.oda.ws,1.2.2.v201011041216,"org.eclipse.datatools.enablement.oda.ws",1330352959196
stopped,bundle,org.eclipse.wst.wsdl,1.2.201.v201103211934,"org.eclipse.wst.wsdl",1330352959196
stopped,bundle,org.eclipse.wst.wsdl.validation,1.1.502.v201104071820,"org.eclipse.wst.wsdl.validation",1330352959197
stopped,bundle,org.eclipse.wst.xsl.exslt.ui,1.0.0.v201006012005,"org.eclipse.wst.xsl.exslt.ui",1330352959197
stopped,bundle,org.eclipse.wst.xsl.jaxp.debug.ui,1.0.200.v201103081922,"org.eclipse.wst.xsl.jaxp.debug.ui",1330352959197
activated,perspective,org.eclipse.jst.j2ee.ui,,"org.eclipse.jst.j2ee.J2EEPerspective",1330352966952
started,bundle,org.eclipse.osgi,3.7.0.v20110613,"org.eclipse.osgi",1330352966953
started,bundle,org.eclipse.equinox.simpleconfigurator,1.0.200.v20110502-1955,"org.eclipse.equinox.simpleconfigurator",1330352966953
started,bundle,com.ibm.icu,4.4.2.v20110208,"com.ibm.icu",1330352966954
started,bundle,org.eclipse.core.contenttype,3.4.100.v20110423-0524,"org.eclipse.core.contenttype",1330352966954
started,bundle,org.eclipse.core.databinding.observable,1.4.0.I20110222-0800,"org.eclipse.core.databinding.observable",1330352966955
started,bundle,org.eclipse.core.expressions,3.4.300.v20110228,"org.eclipse.core.expressions",1330352966955
started,bundle,org.eclipse.core.filebuffers,3.5.200.v20110505-0800,"org.eclipse.core.filebuffers",1330352966958
started,bundle,org.eclipse.core.filesystem,1.3.100.v20110423-0524,"org.eclipse.core.filesystem",1330352966958
started,bundle,org.eclipse.core.jobs,3.5.100.v20110404,"org.eclipse.core.jobs",1330352966959
started,bundle,org.eclipse.core.net,1.2.100.I20110511-0800,"org.eclipse.core.net",1330352966959
started,bundle,org.eclipse.core.resources,3.7.100.v20110510-0712,"org.eclipse.core.resources",1330352966960
started,bundle,org.eclipse.core.runtime,3.7.0.v20110110,"org.eclipse.core.runtime",1330352966960
started,bundle,org.eclipse.core.runtime.compatibility,3.2.100.v20100505,"org.eclipse.core.runtime.compatibility",1330352966960
started,bundle,org.eclipse.core.runtime.compatibility.auth,3.2.200.v20110110,"org.eclipse.core.runtime.compatibility.auth",1330352966967
started,bundle,org.eclipse.emf.common,2.7.0.v20110605-0747,"org.eclipse.emf.common",1330352966968
started,bundle,org.eclipse.emf.common.ui,2.7.0.v20110606-0949,"org.eclipse.emf.common.ui",1330352966972
started,bundle,org.eclipse.emf.ecore,2.7.0.v20110605-0747,"org.eclipse.emf.ecore",1330352966973
started,bundle,org.eclipse.emf.ecore.xmi,2.7.0.v20110520-1406,"org.eclipse.emf.ecore.xmi",1330352966974
started,bundle,org.eclipse.emf.edit,2.7.0.v20110606-0949,"org.eclipse.emf.edit",1330352966974
started,bundle,org.eclipse.emf.edit.ui,2.7.0.v20110606-0949,"org.eclipse.emf.edit.ui",1330352966975
started,bundle,org.eclipse.epp.mpc.ui,1.1.0.I20110525-0742,"org.eclipse.epp.mpc.ui",1330352966975
started,bundle,org.eclipse.epp.usagedata.gathering,1.3.1.R201106061540,"org.eclipse.epp.usagedata.gathering",1330352966975
started,bundle,org.eclipse.epp.usagedata.recording,1.3.1.R201106061540,"org.eclipse.epp.usagedata.recording",1330352966975
started,bundle,org.eclipse.equinox.app,1.3.100.v20110321,"org.eclipse.equinox.app",1330352966976
started,bundle,org.eclipse.equinox.common,3.6.0.v20110523,"org.eclipse.equinox.common",1330352966979
started,bundle,org.eclipse.equinox.ds,1.3.0.v20110502,"org.eclipse.equinox.ds",1330352966979
started,bundle,org.eclipse.equinox.event,1.2.100.v20110502,"org.eclipse.equinox.event",1330352966980
started,bundle,org.eclipse.equinox.p2.core,2.1.0.v20110502-1955,"org.eclipse.equinox.p2.core",1330352966980
started,bundle,org.eclipse.equinox.p2.directorywatcher,1.0.300.v20110502-1955,"org.eclipse.equinox.p2.directorywatcher",1330352966980
started,bundle,org.eclipse.equinox.p2.engine,2.1.0.v20110511,"org.eclipse.equinox.p2.engine",1330352966981
started,bundle,org.eclipse.equinox.p2.metadata,2.1.0.v20110510,"org.eclipse.equinox.p2.metadata",1330352966981
started,bundle,org.eclipse.equinox.p2.metadata.repository,1.2.0.v20110511-1359,"org.eclipse.equinox.p2.metadata.repository",1330352966981
started,bundle,org.eclipse.equinox.p2.operations,2.1.0.v20110511-1821,"org.eclipse.equinox.p2.operations",1330352966981
started,bundle,org.eclipse.equinox.p2.reconciler.dropins,1.1.100.v20110510,"org.eclipse.equinox.p2.reconciler.dropins",1330352966982
started,bundle,org.eclipse.equinox.p2.repository,2.1.0.v20110601,"org.eclipse.equinox.p2.repository",1330352966982
started,bundle,org.eclipse.equinox.p2.ui.sdk.scheduler,1.0.100.v20110502-1955,"org.eclipse.equinox.p2.ui.sdk.scheduler",1330352966982
started,bundle,org.eclipse.equinox.p2.updatechecker,1.1.200.v20110502-1955,"org.eclipse.equinox.p2.updatechecker",1330352966982
started,bundle,org.eclipse.equinox.preferences,3.4.0.v20110502,"org.eclipse.equinox.preferences",1330352966983
started,bundle,org.eclipse.equinox.registry,3.5.100.v20110502,"org.eclipse.equinox.registry",1330352966983
started,bundle,org.eclipse.equinox.security,1.1.0.v20110502,"org.eclipse.equinox.security",1330352966983
started,bundle,org.eclipse.equinox.util,1.0.300.v20110502,"org.eclipse.equinox.util",1330352966984
started,bundle,org.eclipse.help,3.5.100.v20110426,"org.eclipse.help",1330352966984
started,bundle,org.eclipse.jdt.core,3.7.0.v_B61,"org.eclipse.jdt.core",1330352966984
started,bundle,org.eclipse.jdt.core.manipulation,1.4.0.v20110505-0800,"org.eclipse.jdt.core.manipulation",1330352966985
started,bundle,org.eclipse.jdt.ui,3.7.0.v20110531-1200,"org.eclipse.jdt.ui",1330352966992
started,bundle,org.eclipse.jem.util,2.1.100.v201103021400,"org.eclipse.jem.util",1330352966992
started,bundle,org.eclipse.jface,3.7.0.I20110522-1430,"org.eclipse.jface",1330352966993
started,bundle,org.eclipse.jsch.core,1.1.300.I20110514-0800,"org.eclipse.jsch.core",1330352966993
started,bundle,org.eclipse.jst.j2ee.webservice,1.1.400.v201004110600,"org.eclipse.jst.j2ee.webservice",1330352966993
started,bundle,org.eclipse.jst.j2ee.webservice.ui,1.1.500.v201105122000,"org.eclipse.jst.j2ee.webservice.ui",1330352966994
started,bundle,org.eclipse.jst.ws.jaxws.utils,1.0.0.v201004171919,"org.eclipse.jst.ws.jaxws.utils",1330352966994
started,bundle,org.eclipse.ltk.core.refactoring,3.5.200.v20110505-0800,"org.eclipse.ltk.core.refactoring",1330352966995
started,bundle,org.eclipse.mylyn.bugzilla.core,3.6.0.v20110608-1400,"org.eclipse.mylyn.bugzilla.core",1330352966996
started,bundle,org.eclipse.mylyn.bugzilla.ui,3.6.0.v20110608-1400,"org.eclipse.mylyn.bugzilla.ui",1330352966996
started,bundle,org.eclipse.mylyn.commons.identity,0.8.0.v20110608-1400,"org.eclipse.mylyn.commons.identity",1330352966997
started,bundle,org.eclipse.mylyn.commons.net,3.6.0.v20110608-1400,"org.eclipse.mylyn.commons.net",1330352966997
started,bundle,org.eclipse.mylyn.context.ui,3.6.0.v20110608-1400,"org.eclipse.mylyn.context.ui",1330352966998
started,bundle,org.eclipse.mylyn.monitor.ui,3.6.0.v20110608-1400,"org.eclipse.mylyn.monitor.ui",1330352966998
started,bundle,org.eclipse.mylyn.team.ui,3.6.0.v20110608-1400,"org.eclipse.mylyn.team.ui",1330352966998
started,bundle,org.eclipse.search,3.7.0.v20110505-0800,"org.eclipse.search",1330352966999
started,bundle,org.eclipse.team.core,3.6.0.I20110525-0800,"org.eclipse.team.core",1330352966999
started,bundle,org.eclipse.team.cvs.core,3.3.400.I20110510-0800,"org.eclipse.team.cvs.core",1330352967000
started,bundle,org.eclipse.team.cvs.ui,3.3.400.I20110510-0800,"org.eclipse.team.cvs.ui",1330352967000
started,bundle,org.eclipse.team.ui,3.6.100.I20110525-0800,"org.eclipse.team.ui",1330352967001
started,bundle,org.eclipse.ui,3.7.0.I20110602-0100,"org.eclipse.ui",1330352967002
started,bundle,org.eclipse.ui.console,3.5.100.v20110511,"org.eclipse.ui.console",1330352967002
started,bundle,org.eclipse.ui.editors,3.7.0.v20110517-0800,"org.eclipse.ui.editors",1330352967002
started,bundle,org.eclipse.ui.forms,3.5.100.v20110425,"org.eclipse.ui.forms",1330352967003
started,bundle,org.eclipse.ui.ide,3.7.0.I20110519-0100,"org.eclipse.ui.ide",1330352967004
started,bundle,org.eclipse.ui.navigator,3.5.100.I20110524-0800,"org.eclipse.ui.navigator",1330352967004
started,bundle,org.eclipse.ui.navigator.resources,3.4.300.I20110421-1800,"org.eclipse.ui.navigator.resources",1330352967004
started,bundle,org.eclipse.ui.net,1.2.100.I20110511-0800,"org.eclipse.ui.net",1330352967004
started,bundle,org.eclipse.ui.views,3.6.0.I20110412-0800,"org.eclipse.ui.views",1330352967005
started,bundle,org.eclipse.ui.workbench,3.7.0.I20110519-0100,"org.eclipse.ui.workbench",1330352967005
started,bundle,org.eclipse.ui.workbench.texteditor,3.7.0.v20110505-0800,"org.eclipse.ui.workbench.texteditor",1330352967006
started,bundle,org.eclipse.update.configurator,3.3.100.v20100512,"org.eclipse.update.configurator",1330352967006
started,bundle,org.eclipse.update.core,3.2.500.v20110330,"org.eclipse.update.core",1330352967006
started,bundle,org.eclipse.update.scheduler,3.2.300.v20100512,"org.eclipse.update.scheduler",1330352967006
started,bundle,org.eclipse.wst.common.emf,1.2.100.v201101101900,"org.eclipse.wst.common.emf",1330352967007
started,bundle,org.eclipse.wst.common.emfworkbench.integration,1.2.100.v201011172300,"org.eclipse.wst.common.emfworkbench.integration",1330352967007
started,bundle,org.eclipse.wst.common.frameworks,1.2.100.v201105122000,"org.eclipse.wst.common.frameworks",1330352967008
started,bundle,org.eclipse.wst.common.project.facet.core,1.4.200.v201103170332,"org.eclipse.wst.common.project.facet.core",1330352967008
started,bundle,org.eclipse.wst.web,1.1.500.v201104251400,"org.eclipse.wst.web",1330352967008
started,bundle,org.eclipse.wb.discovery.core,1.0.0.r37x201106081733,"org.eclipse.wb.discovery.core",1330352967009
started,bundle,org.eclipse.egit.core,1.0.0.201106090707-r,"org.eclipse.egit.core",1330352967009
started,bundle,org.eclipse.egit.ui,1.0.0.201106090707-r,"org.eclipse.egit.ui",1330352967010
started,bundle,org.eclipse.jgit,1.0.0.201106090707-r,"org.eclipse.jgit",1330352967010
started,bundle,org.eclipse.cdt.core,5.3.0.201106081058,"org.eclipse.cdt.core",1330352967011
started,bundle,org.eclipse.cdt.make.core,7.1.0.201106081058,"org.eclipse.cdt.make.core",1330352967011
started,bundle,org.eclipse.cdt.make.ui,7.1.0.201106081058,"org.eclipse.cdt.make.ui",1330352967011
started,bundle,org.eclipse.cdt.managedbuilder.core,8.0.0.201106081058,"org.eclipse.cdt.managedbuilder.core",1330352967012
started,bundle,org.eclipse.cdt.ui,5.3.0.201106081058,"org.eclipse.cdt.ui",1330352967013
started,bundle,com.collabnet.subversion.merge,2.2.4,"com.collabnet.subversion.merge",1330352967022
started,bundle,org.tigris.subversion.clientadapter,1.6.12,"org.tigris.subversion.clientadapter",1330352967023
started,bundle,org.tigris.subversion.subclipse.core,1.6.18,"org.tigris.subversion.subclipse.core",1330352967023
started,bundle,org.tigris.subversion.subclipse.mylyn,3.0.0,"org.tigris.subversion.subclipse.mylyn",1330352967023
started,bundle,org.eclipse.mylyn.commons.ui,3.6.1.v20110720-0100,"org.eclipse.mylyn.commons.ui",1330352967024
started,bundle,org.eclipse.mylyn.context.core,3.6.1.v20110720-0100,"org.eclipse.mylyn.context.core",1330352967024
started,bundle,org.eclipse.mylyn.tasks.ui,3.6.1.v20110728-0200,"org.eclipse.mylyn.tasks.ui",1330352967024
started,bundle,com.google.gdt.eclipse.core,2.3.3.r37v201107211953,"com.google.gdt.eclipse.core",1330352967025
started,bundle,com.google.gdt.eclipse.login,2.3.3.r37v201107211953,"com.google.gdt.eclipse.login",1330352967025
started,bundle,com.google.gdt.eclipse.managedapis,2.3.3.r37v201107211953,"com.google.gdt.eclipse.managedapis",1330352967025
os,sysinfo,,,"linux",1330352967027
arch,sysinfo,,,"x86",1330352967027
ws,sysinfo,,,"gtk",1330352967027
locale,sysinfo,,,"fr_FR",1330352967027
processors,sysinfo,,,"2",1330352967028
java.runtime.name,sysinfo,,,"Java(TM) SE Runtime Environment",1330352967028
java.runtime.version,sysinfo,,,"1.6.0_26-b03",1330352967028
java.specification.name,sysinfo,,,"Java Platform API Specification",1330352967028
java.specification.vendor,sysinfo,,,"Sun Microsystems Inc.",1330352967028
java.specification.version,sysinfo,,,"1.6",1330352967028
java.vendor,sysinfo,,,"Sun Microsystems Inc.",1330352967028
java.version,sysinfo,,,"1.6.0_26",1330352967028
java.vm.info,sysinfo,,,"mixed mode, sharing",1330352967028
java.vm.name,sysinfo,,,"Java HotSpot(TM) Client VM",1330352967028
java.vm.specification.name,sysinfo,,,"Java Virtual Machine Specification",1330352967028
java.vm.specification.vendor,sysinfo,,,"Sun Microsystems Inc.",1330352967028
java.vm.specification.version,sysinfo,,,"1.0",1330352967028
java.vm.vendor,sysinfo,,,"Sun Microsystems Inc.",1330352967028
java.vm.version,sysinfo,,,"20.1-b02",1330352967028
started,bundle,org.eclipse.compare.core,3.5.200.I20110208-0800,"org.eclipse.compare.core",1330352967034
started,bundle,org.eclipse.compare,3.5.200.I20110525-0800,"org.eclipse.compare",1330352967039
started,bundle,org.eclipse.m2e.usagedata,1.0.0.20110607-2117,"org.eclipse.m2e.usagedata",1330352967055
started,bundle,org.tigris.subversion.subclipse.ui,1.6.18,"org.tigris.subversion.subclipse.ui",1330352967079
started,bundle,org.eclipse.wb.discovery.ui,1.0.0.r37x201106081733,"org.eclipse.wb.discovery.ui",1330352967358
started,bundle,org.eclipse.cdt.codan.ui.cxx,2.0.0.201106081058,"org.eclipse.cdt.codan.ui.cxx",1330352967362
started,bundle,org.eclipse.cdt.codan.core.cxx,1.0.0.201106081058,"org.eclipse.cdt.codan.core.cxx",1330352967377
started,bundle,org.eclipse.linuxtools.systemtap.ui.dashboardextension,0.3.0.201106060936,"org.eclipse.linuxtools.systemtap.ui.dashboardextension",1330352967379
started,bundle,org.eclipse.linuxtools.systemtap.ui.editor,0.3.0.201106060936,"org.eclipse.linuxtools.systemtap.ui.editor",1330352967381
started,bundle,org.eclipse.cdt.codan.core,2.0.0.201106081058,"org.eclipse.cdt.codan.core",1330352967383
started,bundle,org.eclipse.linuxtools.systemtap.ui.graphicalrun,0.3.0.201106060936,"org.eclipse.linuxtools.systemtap.ui.graphicalrun",1330352967384
started,bundle,org.tigris.subversion.subclipse.tools.usage,1.0.1,"org.tigris.subversion.subclipse.tools.usage",1330352967384
started,bundle,org.eclipse.cdt.codan.checkers,1.0.0.201106081058,"org.eclipse.cdt.codan.checkers",1330352967385
started,bundle,org.eclipse.wb.core.lib,1.1.0.r37x201107161214,"org.eclipse.wb.core.lib",1330352967400
started,bundle,org.eclipse.wb.core,1.1.0.r37x201107161214,"org.eclipse.wb.core",1330352967428
started,bundle,com.google.gdt.eclipse.designer,2.3.2.r37x201107161302,"com.google.gdt.eclipse.designer",1330352967480
started,bundle,org.eclipse.debug.core,3.7.0.v20110518,"org.eclipse.debug.core",1330352967492
started,bundle,com.google.gdt.eclipse.designer.UiBinder,2.3.2.r37x201107161302,"com.google.gdt.eclipse.designer.UiBinder",1330352967765
deactivated,workbench,org.eclipse.ui.workbench,3.7.0.I20110519-0100,"",1330352969126
executed,command,org.eclipse.ui,3.7.0.I20110602-0100,"org.eclipse.ui.file.import",1330352987742
executed,command,org.eclipse.ui,3.7.0.I20110602-0100,"org.eclipse.ui.file.import",1330352987742
activated,workbench,org.eclipse.ui.workbench,3.7.0.I20110519-0100,"",1330352987758
deactivated,workbench,org.eclipse.ui.workbench,3.7.0.I20110519-0100,"",1330352988679
closed,workbench,org.eclipse.ui.workbench,3.7.0.I20110519-0100,"",1330352990865
stopped,bundle,org.eclipse.jst.ws.axis.creation.ui,1.0.700.v201104070312,"org.eclipse.jst.ws.axis.creation.ui",1330352991265
stopped,bundle,org.eclipse.jst.ws.axis.consumption.ui,1.0.505.v201004211805,"org.eclipse.jst.ws.axis.consumption.ui",1330352991265
stopped,bundle,org.eclipse.jst.ws.axis.consumption.core,1.0.407.v201104071820,"org.eclipse.jst.ws.axis.consumption.core",1330352991265
stopped,bundle,org.eclipse.jst.ws.axis2.creation.ui,1.0.104.v201004211805,"org.eclipse.jst.ws.axis2.creation.ui",1330352991266
stopped,bundle,org.eclipse.jst.ws.axis2.consumption.ui,1.0.103.v201004211805,"org.eclipse.jst.ws.axis2.consumption.ui",1330352991266
stopped,bundle,org.eclipse.jst.ws.axis2.creation.core,1.0.106.v201004211805,"org.eclipse.jst.ws.axis2.creation.core",1330352991266
stopped,bundle,org.eclipse.jst.ws.axis2.consumption.core,1.0.105.v201004211805,"org.eclipse.jst.ws.axis2.consumption.core",1330352991267
stopped,bundle,org.eclipse.jst.ws.axis2.ui,1.0.303.v201003110431,"org.eclipse.jst.ws.axis2.ui",1330352991267
stopped,bundle,org.eclipse.jst.ws.axis2.core,1.0.204.v201004211805,"org.eclipse.jst.ws.axis2.core",1330352991267
stopped,bundle,org.eclipse.jst.ws.cxf.creation.ui,1.0.100.v201104022153,"org.eclipse.jst.ws.cxf.creation.ui",1330352991268
stopped,bundle,org.eclipse.jst.ws.creation.ui,1.0.609.v201103082016,"org.eclipse.jst.ws.creation.ui",1330352991268
stopped,bundle,org.eclipse.jst.ws.cxf.consumption.ui,1.0.0.v201003222311,"org.eclipse.jst.ws.cxf.consumption.ui",1330352991269
stopped,bundle,org.eclipse.jst.ws.consumption.ui,1.1.400.v201103082016,"org.eclipse.jst.ws.consumption.ui",1330352991269
stopped,bundle,org.eclipse.jst.ws.consumption,1.0.600.v201103082016,"org.eclipse.jst.ws.consumption",1330352991270
stopped,bundle,org.eclipse.jst.ws.cxf.consumption.core,1.0.0.v201003222311,"org.eclipse.jst.ws.cxf.consumption.core",1330352991270
stopped,bundle,org.eclipse.jst.ws.cxf.creation.core,1.0.100.v201104022153,"org.eclipse.jst.ws.cxf.creation.core",1330352991271
stopped,bundle,org.eclipse.jst.ws.cxf.ui,1.0.0.v201004171919,"org.eclipse.jst.ws.cxf.ui",1330352991271
stopped,bundle,org.eclipse.jst.ws.cxf.core,1.0.100.v201104022153,"org.eclipse.jst.ws.cxf.core",1330352991271
stopped,bundle,org.eclipse.jst.ws.uddiregistry,1.0.500.v201004211805,"org.eclipse.jst.ws.uddiregistry",1330352991272
stopped,bundle,org.eclipse.jst.ws.ui,1.0.403.v201004211805,"org.eclipse.jst.ws.ui",1330352991272
stopped,bundle,org.eclipse.jst.ws,1.0.508.v201104071820,"org.eclipse.jst.ws",1330352991284
stopped,bundle,org.eclipse.wst.ws.explorer,1.0.607.v201103082002,"org.eclipse.wst.ws.explorer",1330352991285
stopped,bundle,org.eclipse.wst.wsdl.ui,1.2.402.v201105050214,"org.eclipse.wst.wsdl.ui",1330352991286
stopped,bundle,org.eclipse.wst.ws.ui,1.1.200.v201004211805,"org.eclipse.wst.ws.ui",1330352991286
stopped,bundle,org.eclipse.wst.wsi.ui,1.0.502.v201104071820,"org.eclipse.wst.wsi.ui",1330352991286
stopped,bundle,org.eclipse.wst.wsi,1.0.401.v201104071820,"org.eclipse.wst.wsi",1330352991287
stopped,bundle,org.eclipse.wst.ws,1.1.203.v201004211805,"org.eclipse.wst.ws",1330352991288
stopped,bundle,org.eclipse.jst.j2ee.webservice.ui,1.1.500.v201105122000,"org.eclipse.jst.j2ee.webservice.ui",1330352991288
stopped,bundle,org.eclipse.jst.j2ee.webservice,1.1.400.v201004110600,"org.eclipse.jst.j2ee.webservice",1330352991288
stopped,bundle,org.eclipse.wst.ws.parser,1.0.403.v201004211805,"org.eclipse.wst.ws.parser",1330352991288
stopped,bundle,org.eclipse.jpt.dbws.eclipselink.ui,1.0.0.v201104110000,"org.eclipse.jpt.dbws.eclipselink.ui",1330352991289
stopped,bundle,org.eclipse.datatools.enablement.hsqldb.ui,1.0.0.v200906020900,"org.eclipse.datatools.enablement.hsqldb.ui",1330352991289
stopped,bundle,org.eclipse.datatools.enablement.ingres.ui,1.0.0.v201105270214,"org.eclipse.datatools.enablement.ingres.ui",1330352991290
stopped,bundle,org.eclipse.datatools.enablement.postgresql.ui,1.0.0.v200906020900,"org.eclipse.datatools.enablement.postgresql.ui",1330352991290
stopped,bundle,org.eclipse.datatools.enablement.sqlite.ui,1.0.0.v200906020900,"org.eclipse.datatools.enablement.sqlite.ui",1330352991290
stopped,bundle,org.eclipse.jpt.jpa.eclipselink.ui,2.0.0.v201104270001,"org.eclipse.jpt.jpa.eclipselink.ui",1330352991291
stopped,bundle,org.eclipse.jpt.jpa.ui,3.0.0.v201105170000,"org.eclipse.jpt.jpa.ui",1330352991292
stopped,bundle,org.eclipse.datatools.connectivity.db.generic.ui,1.0.1.v201004070709,"org.eclipse.datatools.connectivity.db.generic.ui",1330352991292
stopped,bundle,org.eclipse.datatools.connectivity.apache.derby.ui,1.0.3.v201007080903,"org.eclipse.datatools.connectivity.apache.derby.ui",1330352991292
stopped,bundle,org.eclipse.datatools.enablement.sybase.asa.schemaobjecteditor.examples,2.5.0.200810071,"org.eclipse.datatools.enablement.sybase.asa.schemaobjecteditor.examples",1330352991293
stopped,bundle,org.eclipse.datatools.enablement.sybase.asa.ui,1.0.1.v200906111150,"org.eclipse.datatools.enablement.sybase.asa.ui",1330352991294
stopped,bundle,org.eclipse.datatools.enablement.sybase.ase.ui,1.0.1.v200906020900,"org.eclipse.datatools.enablement.sybase.ase.ui",1330352991294
stopped,bundle,org.eclipse.datatools.enablement.sybase.ui,1.0.0.v200906090458,"org.eclipse.datatools.enablement.sybase.ui",1330352991295
stopped,bundle,org.eclipse.datatools.sqltools.data.ui,1.2.1.v201010270945,"org.eclipse.datatools.sqltools.data.ui",1330352991295
stopped,bundle,org.eclipse.datatools.connectivity.sqm.server.ui,1.1.100.v201009280455,"org.eclipse.datatools.connectivity.sqm.server.ui",1330352991295
stopped,bundle,org.eclipse.datatools.sqltools.ddlgen.ui,1.0.1.v201002270530,"org.eclipse.datatools.sqltools.ddlgen.ui",1330352991296
stopped,bundle,org.eclipse.datatools.sqltools.db.derby.ui,1.0.0.v200906020900,"org.eclipse.datatools.sqltools.db.derby.ui",1330352991296
stopped,bundle,org.eclipse.datatools.sqltools.db.generic.ui,1.0.0.v200906020900,"org.eclipse.datatools.sqltools.db.generic.ui",1330352991296
stopped,bundle,org.eclipse.datatools.sqltools.debugger.core.ui,1.0.0.v201003161000,"org.eclipse.datatools.sqltools.debugger.core.ui",1330352991297
stopped,bundle,org.eclipse.datatools.sqltools.routineeditor.ui,1.0.1.v201004060545,"org.eclipse.datatools.sqltools.routineeditor.ui",1330352991297
stopped,bundle,org.eclipse.datatools.sqltools.sqlbuilder,1.0.3.v201009131745,"org.eclipse.datatools.sqltools.sqlbuilder",1330352991298
stopped,bundle,org.eclipse.datatools.sqltools.debugger.core,1.0.1.v201005250945,"org.eclipse.datatools.sqltools.debugger.core",1330352991298
stopped,bundle,org.eclipse.datatools.sqltools.schemaobjecteditor.ui.pages,1.1.0.200810071,"org.eclipse.datatools.sqltools.schemaobjecteditor.ui.pages",1330352991299
stopped,bundle,org.eclipse.datatools.sqltools.schemaobjecteditor.ui,1.1.1.200810071,"org.eclipse.datatools.sqltools.schemaobjecteditor.ui",1330352991299
